label,Accelerate Diagnostics Inc ,Acer Therapeutics Inc ,Amphastar Pharmaceuticals Inc ,Apogee Enterprises Inc ,Arch Capital Group Ltd ,Arena Pharmaceuticals Inc ,BMC Stock Holdings Inc ,Bar Harbor Bankshares Inc ,CECO Environmental Corp ,CNX Resources Corporation,CRISPR Therapeutics AG,CSP Inc ,CTS Corporation,CVD Equipment Corporation,California Resources Corporation,Carver Bancorp Inc ,Caseys General Stores Inc ,Centene Corporation,Century Communities Inc ,Chicken Soup for the Soul Entertainment Inc ,China Advanced Construction Materials Group Inc ,Clearfield Inc ,Codexis Inc ,Cognizant Technology Solutions Corporation,Cohu Inc ,Commvault Systems Inc ,CompX International Inc ,Cracker Barrel Old Country Store Inc ,Cree Inc ,CyrusOne Inc,Diodes Incorporated,Dorchester Minerals L P ,EPAM Systems Inc ,EPR Properties,Energy Focus Inc ,Exelon Corporation,First Defiance Financial Corp ,Flotek Industries Inc ,Global Eagle Entertainment Inc ,GlobalSCAPE Inc ,H B Fuller Company,Haemonetics Corporation,HarborOne Bancorp Inc ,Hennessy Advisors Inc ,Heritage Financial Corporation,Immune Design Corp ,Intellia Therapeutics Inc ,Jaguar Health Inc ,Laredo Petroleum Inc ,Lawson Products Inc ,Lilis Energy Inc ,MIDSTATES PETROLEUM COMPANY INC ,Mammoth Energy Services Inc ,Matrix Service Company,MedEquities Realty Trust Inc ,MiMedx Group Inc,Micron Solutions Inc ,Navistar International Corporation,NorthStar Realty Europe Corp ,Novagold Resources Inc ,Old Dominion Freight Line Inc ,One Horizon Group Inc ,Orion Energy Systems Inc ,Pacific Coast Oil Trust,Paramount Group Inc ,Pareteum Corporation,Popular Inc ,Powell Industries Inc ,Presbia PLC,Protagonist Therapeutics Inc ,Qurate Retail Inc ,Rayonier Advanced Materials Inc ,ReShape Lifesciences Inc ,Regeneron Pharmaceuticals Inc ,Renasant Corporation,Repligen Corporation,Saia Inc ,Steven Madden Ltd ,StoneMor Partners L P ,Sun Hydraulics Corporation,Surgery Partners Inc ,TJX Companies Inc The ,Tecogen Inc ,Teladoc Health Inc ,The AES Corporation,The Hanover Insurance Group Inc ,TimkenSteel Corporation,TopBuild Corp ,Toro Company The ,Transatlantic Petroleum Ltd,Trinity Place Holdings Inc ,U S Auto Parts Network Inc ,Ultragenyx Pharmaceutical Inc ,Union Bankshares Corporation,Varex Imaging Corporation,Visa Inc ,WidePoint Corporation,eMagin Corporation
1,0.00145366444579043,0.0009308986752595775,0.005132831456479811,0.0,0.013488523876862828,0.0010208769332856924,0.007960759086522998,0.009286412512218964,0.006918171008539618,0.002444870565675935,0.0026287662131322764,0.008054412027921962,0.003672420124862284,0.0058930190389845875,0.006416131989000917,0.015634395670475046,0.010008203445447087,0.0038723556830405166,0.007216300349023677,0.025131502045587378,0.01207663670207936,0.0111348021795783,0.0047553497684895505,0.003881924787707238,0.0031206116398814166,0.019598947463932495,0.02495201535508637,0.005954016671246679,0.00786282682834407,0.0030780861864132198,0.006883116883116883,0.0046740269159481025,0.0023934897079942556,0.0043397396156230625,0.004594998931395597,0.0,0.0,0.014405626134301271,0.006586065766571012,0.005994754589733983,0.01850072080730418,0.0043826696719258705,0.010921985815602837,0.01715933669790916,0.010400180872710831,0.0021529064236719573,0.004020068180356339,0.0,0.01301603996844596,0.0,0.0068550536979206335,0.0033617051713039124,0.01115301724137931,0.006872037914691943,0.0,0.009896802571476907,0.009425070688030161,0.0,0.0032988081725312144,0.0018956400279357478,0.014093137254901961,0.02256637168141593,0.008367662203913492,0.0013296767223468795,0.001993494911341937,0.010491344640671446,0.0107290038368623,0.00825082508250825,0.0024180441590359535,0.003985251857073145,0.006125409703938531,0.005235053921055387,0.0006509357200976403,0.0,0.022052761747732894,0.0028357531760435572,0.004266211604095563,0.021148440637130235,0.005777349825938819,0.009658919408391186,0.00947694550756333,0.0033791938209027277,0.009423002452562283,0.010010232682297459,0.002782608695652174,0.017108066971080672,0.0,0.003107734806629834,0.009656237929702587,0.006436358859845002,0.002626293835933879,0.004481940416556815,0.002975009916699722,0.005913827090960293,0.013053183229813664,0.0,0.005937234944868533,0.0029447049841858437
2,0.5067837674136886,0.37601145721446494,0.44518758165867994,0.4792186201163758,0.526922658544543,0.5308560053085601,0.40792859440334533,0.434995112414467,0.4262241919792451,0.4818312559923301,0.38455094317820826,0.6003221764811169,0.5538009548292325,0.5840132970686007,0.4267644362969753,0.43856484265383844,0.44200164068908937,0.5735389028325569,0.42632770493349637,0.5119812974868498,0.4693543993462269,0.46458185264155427,0.4943686647478417,0.55964415689446,0.4137931034482761,0.4707376826059347,0.4440179142674345,0.5025190070532197,0.4850322091701404,0.5196565503834119,0.4635714285714275,0.43823031670561674,0.5817137386309232,0.5128642281463138,0.5045949989313956,0.4688062773347058,0.4990403071017276,0.42048548094373844,0.46789292938796717,0.5295723384895361,0.4774147044690053,0.47445529676934706,0.521985815602837,0.5431867339581834,0.5126610897580827,0.3617884143593856,0.37962307840741005,0.3623200466006478,0.45720483828556424,0.4599666388657215,0.4848807982329194,0.5031113654245044,0.500592672413793,0.5265402843601893,0.4217895427696358,0.5103197428523086,0.46786050895381776,0.4515605999189306,0.46087542565266776,0.5528284944627343,0.4868259803921569,0.43230088495575214,0.39984552008238927,0.4564946397407134,0.3726261672437314,0.4600454624934427,0.43804177916725906,0.3849009900990099,0.49565941253418894,0.43054275334815406,0.39659341249798485,0.522039577007643,0.473284513154326,0.41181244696941727,0.5009274525968669,0.42604355716878356,0.39310092637737687,0.5566858519609158,0.3899711132508703,0.5073951101720481,0.5744031346819752,0.4685010861694422,0.4760552471924614,0.6172976820750103,0.5539942028985515,0.5150684931506855,0.39895287958115144,0.4993093922651933,0.4232329084588646,0.522264547484565,0.4141819867140434,0.4677915458300378,0.3945524262858659,0.4637191401483147,0.4937402950310567,0.5214820178614531,0.5447177457355573,0.5133602355763984
3,0.0,0.0037593984962406013,0.0051017233870466,0.0,0.0073425432394213,0.0011229646266142617,0.002171116114506272,0.009042033235581623,0.0,0.00488974113135187,0.014068232371378225,0.0,0.0,0.0,0.0,0.0,0.0,0.005593402653280746,0.0019337798320913121,0.0,0.007173340597475711,0.00900260601753139,0.0028156676260793394,0.006227254346947028,0.0,0.00471826513020597,0.0,0.00247320692497939,0.0,0.010314288800086401,0.003311688311688312,0.008381013780320735,0.0,0.011236825790452572,0.004594998931395597,0.006431695394906097,0.0,0.002382032667876588,0.0061156324975302255,0.007118771075309105,0.0036040365209034117,0.002128725269221137,0.0,0.0,0.0,0.006208381314774946,0.008458223451469736,0.0026212865107764,0.004272942413883775,0.0,0.0,0.0009298333452542737,0.002640086206896552,0.0,0.011988623933493765,0.0021992894603282014,0.0020735155513666352,0.002837454398054317,0.005746311010215664,0.002893345305796668,0.0,0.016371681415929203,0.0,0.007230117177761157,0.0053509600251809885,0.0,0.002131590166264033,0.004744224422442244,0.013794743726959212,0.0058558802797809475,0.0,0.0,0.0011933821535123406,0.0019552145202346256,0.0,0.0052177858439201455,0.0049975621647976596,0.007495649846071476,0.013184208577142434,0.0020122748767481637,0.0282941498086386,0.00627564566739078,0.0,0.008853494683454198,0.008092753623188405,0.005235920852359209,0.005534779356768885,0.005352209944751381,0.0,0.0018389596742414292,0.002935269581337865,0.006766851217154406,0.004660848869496232,0.0015957946118464283,0.006696428571428572,0.012430605841177889,0.006596927716520592,0.005235031082997055
4,0.010296789824348878,0.019656283566058003,0.008368070677533753,0.05112219451371571,0.012237572065702166,0.01985605635240672,0.02130910260533934,0.019794721407624633,0.012322992108961194,0.03485139022051774,0.008666262241095417,0.005369608018614641,0.016342269555637164,0.042006648534300396,0.01851512373968836,0.0050110242533573865,0.06037735849056605,0.02395123700250986,0.040515045750400915,0.017533606078316773,0.013620266957232362,0.05685856432125089,0.009948692278813665,0.02135058633238981,0.051334061476049304,0.009164322656746212,0.026231605886116442,0.021617660529449485,0.026525198938992044,0.005778161788530079,0.019025974025974026,0.03070352163752115,0.029966491144088087,0.030068195908245506,0.05289591793118189,0.033766400823257006,0.03478886756238003,0.013838475499092558,0.011431528437691114,0.01841246052561152,0.08817876021143682,0.0236664162283997,0.008652482269503546,0.0023071377072819035,0.0,0.0180744004405948,0.011545635813983407,0.024798202546392614,0.014396529056008411,0.043369474562135114,0.02970523269098941,0.04677776983048423,0.019719827586206898,0.04004739336492891,0.012644935462699628,0.01776349179495855,0.019038642789820925,0.05566815295230374,0.01436577752553916,0.04190362167015864,0.01210171568627451,0.0,0.028578784757981462,0.019280312474029747,0.008970727101038717,0.014687882496940023,0.014779025152763962,0.019595709570957097,0.011138859158837753,0.014314374017242316,0.009080651227768525,0.03339964401633337,0.014103607268782209,0.007710185560925222,0.023907666941467433,0.017581669691470053,0.04644076060458313,0.01686521215366082,0.010443670839197096,0.022939933594929067,0.020366320393657735,0.029688631426502535,0.04608235445979088,0.011656359834497485,0.02777971014492753,0.023866057838660578,0.022288706058339568,0.04678867403314917,0.02578215527230591,0.01549980296860633,0.002626293835933879,0.03313120660866509,0.016428665873330688,0.023655308363841172,0.01814829192546584,0.010982379917933865,0.03119404391669022,0.015050714363616536
7,0.002725620835857056,0.001969208736126029,0.0025508616935232997,0.0,0.007233764821059502,0.005665866979735593,0.006754583467352847,0.00879765395894428,0.009944870824775699,0.00488974113135187,0.0011555016321460555,0.0,0.0044069041498347415,0.003324267150196434,0.004399633363886343,0.015634395670475046,0.008859721082854799,0.005808533524560774,0.002075275917366286,0.004091174751607247,0.00717334059747571,0.011845534233593935,0.0023151044925541235,0.009219571370804692,0.00936183491964425,0.006532982487977498,0.010876519513755598,0.01080883026472474,0.004831375521030693,0.002268063505778162,0.0043506493506493505,0.0031428801676202755,0.0022977501196744855,0.0027123372597644144,0.004274417610600555,0.0046951376382814505,0.0,0.009754990925589836,0.0039045961330385283,0.00358614783493015,0.00624699663623258,0.004883546205860256,0.01078014184397163,0.003172314347512617,0.0,0.0022029740149201423,0.0011256190904997748,0.003911125904967962,0.002300815145937418,0.0,0.00921623886053774,0.004506115442386095,0.003178879310344828,0.002843601895734597,0.0056880332531174796,0.0011842327863305702,0.0033930254476908575,0.0,0.008193813847900112,0.014167414945625062,0.0,0.011061946902654867,0.0018022657054582905,0.015125072716695753,0.008026440037771483,0.008742787200559538,0.004476339349154469,0.0,0.0026162444999405397,0.0030906034809955,0.0070388479931223465,0.00230342372526437,0.002332519663683211,0.0035046298004205558,0.005667765869744435,0.00850725952813067,0.0048756704046806435,0.002409316021951546,0.0,0.006338665861756717,0.0030071077091306723,0.005310161718561429,0.006195946818123145,0.0029363349201405884,0.002736231884057971,0.002374429223744292,0.0029917726252804786,0.0,0.0029934337582078023,0.014711677393931432,0.0037077089448478294,0.0,0.0028758429194763986,0.0,0.008880046583850932,0.0,0.00480633305060786,0.005780346820809249
9,0.007995154451847366,0.007805227354099534,0.017296086604865302,0.023275145469659184,0.029152616120961605,0.007554489306314124,0.039160501769057575,0.051319648093841645,0.018592584585450222,0.029674017257909878,0.0008666262241095416,0.019867549668874173,0.08850532500918105,0.025234209731036565,0.06544454628780935,0.03126879134095009,0.056439704675963896,0.030333452850484045,0.041835675879634,0.01914085330216248,0.021520021792427128,0.009476427386875147,0.02421474158428232,0.035826930853214714,0.02683726010298019,0.020415570274929677,0.0,0.07492900980122744,0.03230390299355817,0.038989091694567435,0.04558441558441559,0.0047546135869127246,0.06022020105313547,0.013716676999380036,0.020944646291942724,0.060329302804219206,0.04414587332053743,0.027903811252268602,0.010537705226513618,0.019001231065674678,0.013695338779432964,0.026421237165038816,0.03148936170212766,0.030136986301369864,0.024983043183359713,0.003955339708606619,0.005563774361613173,0.0006241158358991428,0.020970286615829607,0.1267723102585488,0.013176936552669662,0.02875330806093985,0.02580818965517241,0.02950236966824645,0.04550426602493984,0.022585010996447302,0.022431668237511783,0.010133765707336847,0.02060868331441544,0.03881073530878978,0.058363970588235295,0.012389380530973451,0.009912461380020597,0.004487658937920718,0.028485993075228207,0.03619513901031649,0.021742219695893135,0.014645214521452146,0.0065009711816704325,0.005828769722930109,0.022513567245177588,0.03601717097686106,0.004231082180634662,0.010440107721252813,0.029266281945589445,0.03255444646098004,0.03230131643100926,0.03239191540623745,0.010517739426709131,0.020525203742831274,0.01963732458538363,0.06649770697562153,0.01097198915709307,0.012590648218178582,0.008324637681159422,0.03318112633181126,0.013163799551234106,0.02883287292817679,0.03447276940903825,0.035465650860370415,0.02039239919666306,0.03075841462342913,0.0067103001454449284,0.04702900591382709,0.038965450310559015,0.013275404296403573,0.011780228065215342,0.020503871741738466
12,0.0058752271350696545,0.010275689223057643,0.007777017358302743,0.0,0.008103992167953877,0.004134551579807054,0.004503055644901898,0.005865102639296188,0.003459085504269809,0.0046979865771812086,0.010948377964583875,0.021120458206550924,0.0,0.014959202175883953,0.006966086159486709,0.02866305872920425,0.028876127973748975,0.0005736823234134098,0.021271578153004435,0.018994739918176504,0.011985834922364477,0.0,0.012514078338130397,0.003639304488475536,0.007333437353721329,0.017512022502495235,0.0,0.011633232573051204,0.001326259946949602,0.005130143644022033,0.0023376623376623377,0.016923200902570712,0.003446625179511728,0.0012399256044637321,0.0,0.006431695394906097,0.017994241842610365,0.014972776769509984,0.00663310909347509,0.017609591607343576,0.00937049495434887,0.0018782870022539444,0.0475177304964539,0.005335255948089402,0.021139498078227445,0.014820007009462776,0.010387856178040777,0.012315885828409754,0.006705232711017618,0.0,0.004417701271993297,0.0018596666905085473,0.0017241379310344827,0.0,0.02660249398381099,0.011250211470140417,0.008105560791705938,0.006350493176597758,0.020644154370034053,0.028434600419036216,0.0,0.01415929203539823,0.0,0.030499459818831547,0.02607281502465639,0.04021682112257388,0.012718487992042064,0.0,0.0059063701589566735,0.011738871116412733,0.020041910697974317,0.001151711862632185,0.022294548413344183,0.012395322241487438,0.001133553173948887,0.0029491833030852997,0.0,0.007361798955963057,0.03740463669357826,0.005131300935707817,0.004510661563696009,0.004948105237750422,0.009423002452562283,0.0,0.0072579710144927536,0.007427701674277016,0.0,0.0,0.010235612205484742,0.019965847891764088,0.0,0.0029879602777045434,0.005718630173211689,0.005444475734534873,0.009850543478260872,0.01243060584117789,0.005654509471303365,0.0
13,0.0,0.0,0.003359671498786785,0.0029093931837073984,0.0,0.0012250523199428308,0.004020585397233837,0.0,0.006593881742514323,0.002253116011505273,0.0,0.0023268301413996778,0.015424164524421594,0.0,0.021081576535288728,0.015233513730206455,0.0,0.013840086052348512,0.0021696066408829354,0.003798947983635301,0.00263325161173159,0.0,0.0,0.0,0.0018723669839288502,0.0,0.0,0.0,0.010136415308829102,0.012528350793822227,0.004675324675324675,0.01120154726408252,0.0,0.0020148791072535648,0.0,0.030614870079753023,0.0,0.002382032667876588,0.0,0.0006958197291655516,0.004565112926477655,0.006386175807663411,0.011063829787234043,0.0364816149963951,0.006104453990504183,0.0,0.0,0.0,0.009926373915330003,0.0,0.001142508949653439,0.0033617051713039124,0.005926724137931034,0.0036729857819905215,0.016801575147670094,0.0,0.03788878416588125,0.007161194433184705,0.015607264472190692,0.004489673750374139,0.012714460784313725,0.033628318584070796,0.0,0.0,0.014321687126219708,0.0,0.0150632371749325,0.0,0.0015459626590557736,0.0,0.001826876578367632,0.0,0.001573094656902631,0.0,0.006595218466611707,0.015086206896551725,0.018405655777669425,0.0,0.0029627435004814457,0.0,0.0,0.00724112961622013,0.0,0.0,0.005750724637681159,0.0106544901065449,0.014659685863874346,0.0,0.0,0.010114278208327861,0.008342345125907617,0.008700237279198525,0.001156948300938781,0.02205951375199474,0.0,0.0,0.0018848364904344547,0.0020721998036863343
15,0.06789824348879467,0.08804153240243463,0.044764511914390605,0.0,0.0,0.05119697820427748,0.0,0.0,0.0046481461463625555,0.0,0.10757720195279774,0.02112045820655092,0.0058758721997796545,0.024478694469628286,0.0,0.0,0.0,0.0,0.0,0.0,0.0,0.003316749585406302,0.043799274183456374,0.008087343307723413,0.008737712591667966,0.018600852917158153,0.03326935380678183,0.00787762205734176,0.010420613868889733,0.0,0.004675324675324675,0.0,0.0021062709430349448,0.0,0.0025646505663603335,0.0,0.0,0.020077132486388385,0.0028225996142447196,0.005673607022426805,0.01513695338779433,0.01728024042073629,0.0,0.0,0.0,0.0918740299404196,0.09014600887631052,0.06528251643505036,0.0,0.0,0.0,0.0,0.0,0.0,0.0,0.04094061918457114,0.0,0.0,0.0,0.0,0.0,0.0,0.018795056642636455,0.0,0.0,0.008218219968525967,0.0,0.0,0.05609069647599796,0.08100634387030307,0.0,0.0,0.07030105777054516,0.03829269192459514,0.0,0.056941923774954634,0.0,0.0,0.0,0.019720293792132006,0.0,0.0,0.0,0.0020465364594919253,0.0,0.0,0.0,0.0,0.0068559289300888365,0.0,0.0,0.00492134633974866,0.06478910485257174,0.0,0.005143633540372671,0.0,0.0,0.015705093248991164
16,0.00860084797092671,0.008163265306122448,0.015802899272071173,0.0,0.034319590993146964,0.007095094686335562,0.02492762946284979,0.018084066471163247,0.010269160090800995,0.019654841802492808,0.013201606147268683,0.0,0.0,0.0037775763070414022,0.0,0.006013229104028864,0.028055783429040197,0.0024381498745069917,0.019479294406188098,0.005260081823495032,0.011350222464360302,0.007818052594171997,0.0204605180828432,0.004771532551556814,0.0,0.006805190091643227,0.0,0.014106439498030594,0.0,0.015498433956150774,0.021493506493506495,0.0023370134579740512,0.0,0.01689398636081835,0.010151741825176318,0.003794700282994597,0.0,0.022005444646098004,0.037446488215646605,0.007761066209923459,0.0,0.0,0.00524822695035461,0.02350396539293439,0.0,0.007309868322235017,0.0052743294526275165,0.02238495464758259,0.02070733631343676,0.0,0.015157285398735624,0.0,0.020581896551724137,0.0054502369668246444,0.04458542988405163,0.004906107257655219,0.005843543826578699,0.0258073233346845,0.03671254256526675,0.010575675945325751,0.028799019607843136,0.030530973451327433,0.016477857878475798,0.0039890301670406384,0.02376455775889204,0.006294806784402867,0.038439675998294724,0.006600660066006601,0.01248662147698894,0.01718809304343111,0.06034065875020149,0.047324887446340703,0.01762950908597776,0.007341277160880953,0.009480626545754328,0.007146098003629763,0.022184300341296925,0.0,0.019183764165617363,0.007546030787805615,0.013759795881173683,0.0,0.012004646960113592,0.02220047159318414,0.010527536231884058,0.0,0.03111443530291698,0.014675414364640885,0.005793742757821553,0.0,0.010814151089139502,0.013357940065032076,0.005222795187095068,0.0035670703088331924,0.02824145962732919,0.0020516533912623702,0.014701724625388747,0.016359472134365796
17,0.04179285281647487,0.0434300035803795,0.027095128476326752,0.00997506234413965,0.010333949744370718,0.034301464958399266,0.016162753296880026,0.0647605083088954,0.0009728677980758837,0.02123681687440077,0.03865152959528556,0.0,0.0058758721997796545,0.03762466001813237,0.006782768102658112,0.004008819402685909,0.015750615258408533,0.01233416995338831,0.0074521271578153,0.06385154880187024,0.006900935258331063,0.02392797915185975,0.024027030409210358,0.027496967246259607,0.002652519893899204,0.026948552762907176,0.010876519513755598,0.02280846386369882,0.013736263736263736,0.01614645210065882,0.018441558441558443,0.019985494399226367,0.008425083772139779,0.013019218846869188,0.004274417610600555,0.03299459737586828,0.04774472168905951,0.016107078039927405,0.010396575245801383,0.030616068083284268,0.0,0.017655897821187077,0.013900709219858157,0.038644556596971885,0.004069635993669455,0.03494717869123317,0.04721168071010485,0.023882832653740537,0.010978175124901393,0.0,0.01782313961459365,0.018310564337314927,0.012769396551724141,0.011018957345971565,0.008094508860205645,0.029521231602097783,0.0,0.004323740035130388,0.008193813847900112,0.012571086501047591,0.013480392156862744,0.01415929203539823,0.012744593202883625,0.017285797390509432,0.018570978910922256,0.004721105088302151,0.029415944294443653,0.024133663366336634,0.029492210726602453,0.024779048961665672,0.0290688302616732,0.013506439116322898,0.024844046650393272,0.041502195004980265,0.009068425391591096,0.02257259528130671,0.008532423208191127,0.018337571944853436,0.009184504851492482,0.01569574403863568,0.01767814835064698,0.059980690321023405,0.02194397831418614,0.02406904836054633,0.005588405797101449,0.014672754946727547,0.002692595362752431,0.006215469613259668,0.029161838547701817,0.020359910679101537,0.01019619959833153,0.030670533438790754,0.028493983868835122,0.009668637942363653,0.015576475155279502,0.025585324643977794,0.015078691923475636,0.013196640855055078
18,0.06208358570563294,0.026494808449695668,0.03496547004292915,0.09060681629260182,0.04090068530403568,0.03527129804502067,0.054921196526214223,0.036901270772238516,0.028429358988217492,0.052732502396931925,0.027732039171505338,0.030964739574011097,0.015975027543150937,0.04125113327289211,0.08652612282309807,0.031068350370815796,0.06661197703035276,0.03972750089637863,0.0445241014998585,0.012857977790765635,0.0340506673930809,0.06657190239279792,0.06088099111500439,0.030327537403962802,0.059915743485723205,0.07431267580074405,0.07933461292386436,0.03031968489511771,0.03580901856763926,0.030888864888216867,0.03720779220779222,0.014827947457490531,0.03264719961704164,0.04920954742715437,0.06112417183158794,0.08444816053511707,0.020393474088291747,0.030966424682395643,0.04417368396292986,0.03752074078038859,0.043008169149447384,0.05209115952917606,0.0651063829787234,0.04066330209084355,0.051322631697942565,0.02132879387172683,0.028526403807808586,0.03648997253890322,0.03878516960294504,0.06672226855713095,0.05918196359204814,0.0361204491810314,0.038308189655172416,0.06066350710900474,0.03040910085320499,0.09017086787345625,0.02525918944392083,0.06107282799621673,0.036889897843359824,0.03671555422528185,0.03170955882352941,0.023008849557522124,0.0805870236869207,0.07520983960774537,0.03362711153079426,0.07833537331701347,0.0340343896546824,0.03382838283828383,0.10421373924763148,0.022528872743046147,0.0246091021438934,0.02366244372317035,0.05109845402766476,0.01977349024237282,0.030915086562242376,0.06352087114337568,0.06167723061921014,0.03252576629634587,0.05221835419598548,0.029982895663547643,0.017040277018407143,0.04103306782524741,0.0520201368271589,0.04008542065222227,0.08340869565217394,0.05929984779299848,0.06237845923709798,0.05507596685082873,0.028968713789107762,0.03494023381058715,0.04897265564653175,0.03910712716407417,0.01907311913261933,0.031164930066647896,0.03838315217391304,0.010620323437122858,0.05032513429459995,0.05976660486421639
19,0.0,0.0,0.0,0.0,0.0,0.0,0.0,0.0,0.0,0.00604026845637584,0.0,0.0,0.0,0.0,0.022548120989917507,0.0,0.008531583264971289,0.0,0.0,0.0,0.0,0.0,0.0,0.0,0.0,0.0,0.0,0.0,0.0,0.0,0.0,0.0283665081795471,0.0,0.0,0.0,0.0,0.0,0.04582577132486388,0.0,0.0,0.0,0.0,0.0,0.0,0.0,0.0,0.0,0.0,0.05679726531685512,0.010008340283569641,0.05148906999771497,0.06237035977397897,0.0234375,0.005213270142180095,0.0,0.0,0.0,0.0,0.0,0.0,0.0,0.0,0.0,0.0676473032493975,0.0,0.0,0.0,0.021864686468646866,0.0,0.0,0.0,0.0020940215684221546,0.0,0.0,0.0,0.0,0.0,0.0,0.0,0.0,0.0,0.0,0.0,0.0,0.0017391304347826088,0.0,0.0,0.0,0.0,0.09234204649940891,0.0,0.0,0.0005619463175988365,0.0,0.001843944099378882,0.0,0.0,0.0
20,0.0023016353725015142,0.0057644110275689225,0.018664841659926584,0.05112219451371572,0.049602958772979454,0.020162319432392422,0.03457703441621101,0.024437927663734114,0.017619716787374336,0.04482262703739214,0.030100817517404746,0.0,0.0374586852735953,0.0,0.02053162236480293,0.06654640208458609,0.02018047579983593,0.017425600573682323,0.02240354683520423,0.007305669199298656,0.054027058930355025,0.02724472873726605,0.02703040921036166,0.05143550343712091,0.08737712591667968,0.05117502948915707,0.0,0.013373637446184848,0.030977643046608563,0.04552327465169025,0.056883116883116876,0.1262793134015634,0.06452848252752513,0.05068195908245505,0.009938020944646292,0.014728582454334962,0.0,0.04741379310344828,0.018723244107823306,0.028046887544826846,0.09995194617972128,0.05935386927122464,0.02042553191489362,0.0,0.0,0.01847494117058028,0.005306489998070367,0.0033702255138553716,0.024980278727320535,0.03794829024186822,0.0024373524259273366,0.012373936056076102,0.02025862068965517,0.001184834123222749,0.06353095602712758,0.006090340043985789,0.0471253534401508,0.01661937576003243,0.05178774120317819,0.02913299411353886,0.008272058823529412,0.0,0.014418125643666325,0.07537604919803872,0.10423879970622178,0.016786151425074315,0.01634219127469092,0.05651815181518152,0.041463511317239465,0.011006886081440114,0.017140400838213964,0.03360904617317559,0.012801735828586926,0.011583723761390045,0.007213520197856553,0.03584392014519056,0.020477815699658702,0.06558693615312541,0.13324938893415303,0.03350437669785692,0.028886458902861303,0.06384262611634081,0.009939331354072545,0.02055434444098412,0.017901449275362316,0.01856925418569254,0.08047868362004487,0.025552486187845305,0.013518733101583622,0.04860107710495205,0.04897265564653175,0.02267334563669918,0.028758429194763988,0.019712756969867646,0.017129270186335404,0.017982138546946656,0.007822071435302988,0.00883411495255753
21,0.006299212598425197,0.009022556390977444,0.010265662912959623,0.0,0.06863918198629393,0.013322443979378285,0.1224670311997427,0.05327468230694037,0.10020538320181603,0.06697027804410355,0.0031776294884016524,0.0037587256130302486,0.05214836577304444,0.009066183136899365,0.15032080659945005,0.045299659250350774,0.029368334700574237,0.036070276084618144,0.09253843976983303,0.028930450029222676,0.04876055570689186,0.005685856432125089,0.03209861093730446,0.013424989890820863,0.03198626930878452,0.033300063515107524,0.0,0.06576898415315564,0.027188328912466846,0.046225294308240635,0.04331168831168832,0.05222016278507536,0.012541886069889898,0.08764724116553006,0.011113485787561446,0.09197324414715721,0.054702495201535514,0.04820780399274047,0.05541703909300468,0.009366804046459348,0.025708793849111004,0.02278988229401453,0.07730496453900709,0.016149963950973324,0.0672620393398146,0.0044560156210884695,0.004856242361870457,0.010069068819172838,0.0826978701025506,0.06797331109257715,0.05461192779343438,0.02660753880266075,0.05000000000000001,0.04727488151658768,0.037015970247210685,0.006344104212485197,0.059000942507068804,0.1113363059046075,0.05004965947786606,0.022548139279656793,0.041207107843137254,0.06283185840707965,0.0644953656024717,0.045707637330673984,0.07349700975763296,0.016436439937051933,0.08149779735682819,0.0820957095709571,0.00654061124985135,0.0031990457083988506,0.039224114770834456,0.03591246989843995,0.016815839435855708,0.002213450400265614,0.06863149216817804,0.04877495462794919,0.08154558751828377,0.04055681970285102,0.10725131471742837,0.04135224871717477,0.04168944778567523,0.022326816316678735,0.024138376145604747,0.017440049828713795,0.05335652173913045,0.05905631659056316,0.15587135377711292,0.09564917127071823,0.08314020857473928,0.025351372652042556,0.06256758844430713,0.044028473503822836,0.0024791749305831017,0.07547169811320753,0.018536490683229812,0.024619840695148443,0.020073508623126943,0.013960082887992147
22,0.0072683222289521504,0.015180809165771574,0.017140546257699243,0.012053200332502078,0.018709887958229084,0.009034760859578378,0.009086522997748472,0.005376344086021506,0.01999783807155983,0.004841802492809204,0.009330675679579396,0.028279935564703776,0.014138817480719795,0.012994862496222424,0.0042163153070577455,0.013429544998997796,0.007547169811320755,0.002581570455360344,0.009385906989906613,0.0029222676797194622,0.02778534459275402,0.0,0.014891753222375171,0.010675293166194906,0.007489467935715401,0.020597042010706834,0.0,0.02161766052944948,0.008810155361879499,0.004644130035640998,0.010974025974025975,0.019824321057297124,0.0,0.003022318660880347,0.007693951699081001,0.0029585798816568047,0.0,0.02030399274047187,0.016229947781907138,0.013434673232350265,0.0064872657376261415,0.028925619834710745,0.008085106382978723,0.014708002883922135,0.01706986208455799,0.014319331096980924,0.00636778799768444,0.014188233336107183,0.011635550880883513,0.013344453711426188,0.03153324701043492,0.01602174379515056,0.012931034482758619,0.002369668246445498,0.014570115948370158,0.010573507020808661,0.03242224316682375,0.006755843804891231,0.012627695800227014,0.028534370946822304,0.005361519607843137,0.0,0.015190525231719876,0.016122330258455914,0.005298499632777253,0.014687882496940023,0.02692908910046895,0.042491749174917486,0.02334800015856027,0.013175730629507132,0.0062866046961474395,0.003559836666317663,0.017466775155953348,0.0057180802006861695,0.004225061830173124,0.023933756805807622,0.0019502681618722574,0.014991299692142952,0.060069624472261315,0.017003722708521983,0.01599234554401312,0.004223992276128409,0.04233896992384149,0.012813097833340746,0.006353623188405797,0.0073059360730593605,0.005235602094240838,0.011740331491712705,0.013422170722286597,0.005910941810061737,0.007724393635099644,0.005536514632217242,0.0043964035435673674,0.024312400262836764,0.019409937888198756,0.01580979966208062,0.004617849401564414,0.002617515541498528
23,0.107389460932768,0.25703544575725035,0.1502830834318425,0.028678304239401493,0.005003807244642663,0.040630901944770564,0.02042457381794789,0.0,0.04042806183115339,0.0020134228187919465,0.2363867463962793,0.04152496867728656,0.03250091810503122,0.0581746751284376,0.0,0.0,0.027399507793273176,0.0037289351021871637,0.0017922837468163381,0.0,0.0,0.05733238569059465,0.06363408834939306,0.007278608976951071,0.048525511000156035,0.03221123310044461,0.036468330134357005,0.026930475405331132,0.07985979537703676,0.0013500378010584296,0.07357142857142858,0.0,0.0042125418860698895,0.0,0.04028638597991024,0.0,0.0,0.009754990925589836,0.016982641012372394,0.042123855911791463,0.02715040845747237,0.07112446781868269,0.0,0.005335255948089402,0.0,0.21949632003204325,0.25709140027014854,0.18515436465007884,0.0,0.0567139282735613,0.0,0.0,0.005657327586206897,0.0033175355450236967,0.0,0.03933344611740822,0.06729500471253534,0.008917713822456425,0.0,0.0,0.0,0.010176991150442478,0.04750257466529351,0.0,0.0,0.023430669697499563,0.005328975415660082,0.009282178217821782,0.05886550124866217,0.22195412893780844,0.009886626188813068,0.01664747146895613,0.10024410089503662,0.18201940458184224,0.0,0.029264972776769514,0.0,0.020345335296479722,0.0,0.01670188147700976,0.0015035538545653364,0.029085203958484192,0.018200593778236733,0.0021355163055567913,0.0009507246376811594,0.002191780821917808,0.01555721765145849,0.016574585635359115,0.08806488991888757,0.0,0.0,0.04851041392037964,0.29789765965886555,0.0,0.053911102484472034,0.009051412020275163,0.0063142022429554245,0.04635183771403642
24,0.0549969715324046,0.023916935195130683,0.04383126983139424,0.049044056525353284,0.035896878059393025,0.039354805778163436,0.047925377935027345,0.04203323558162268,0.042481893849313584,0.038638542665388305,0.027732039171505324,0.049400393771254686,0.040029379360998894,0.0347537020247809,0.03373052245646196,0.06714772499498897,0.034946677604593926,0.06525636428827536,0.04457126686161683,0.03930450029222676,0.0562971034232271,0.1077943615257048,0.04386184457514704,0.06639708855640922,0.09720705258230614,0.04645676435895109,0.17914267434420988,0.10176788495007788,0.06034482758620689,0.044551247434928186,0.06318181818181819,0.041179788862922076,0.05964576352321685,0.042234965902045875,0.07587091258815987,0.03350913300746077,0.07341650671785029,0.03992740471869327,0.09013501434821472,0.07493443237167477,0.04757328207592504,0.05822689706987227,0.03432624113475177,0.06820475847152127,0.026904815735925843,0.03434636759625495,0.034283141442078856,0.039319297661646005,0.04805416776229291,0.010425354462051709,0.042806001980348854,0.04155639796867177,0.041056034482758616,0.012322274881516588,0.02292714942025815,0.06623244797834545,0.036946277097078234,0.03499527090933658,0.011528093076049942,0.03242542153047989,0.08026960784313726,0.03982300884955752,0.07196189495365603,0.03997340646555305,0.03971251704962754,0.05647840531561461,0.04504760551371323,0.03382838283828383,0.027708407658461172,0.023965732256140543,0.05690183224974478,0.02994450842843681,0.033089232438296715,0.09130482901095659,0.07100164880461665,0.030058983666061707,0.0750853242320819,0.057689733636728684,0.035849196355825494,0.036925243988328804,0.037087661745944966,0.08906589427950762,0.04918032786885246,0.08057125061173642,0.03986086956521738,0.06898021308980214,0.045175766641735234,0.03901933701657459,0.12195828505214369,0.024037830027584396,0.06890159122508882,0.04411635468846121,0.024295914319714396,0.03923777339716512,0.058666537267080744,0.08435916002896451,0.05513146734520781,0.06260224670083979
26,0.027559055118110236,0.007984246330110993,0.021215703353449886,0.16625103906899416,0.034972261503317746,0.03547547343167782,0.043100675458346734,0.09017595307917889,0.0514538968760134,0.02698945349952062,0.006904122252072681,0.017540719527474494,0.03029746603011385,0.015261408280447265,0.015948670944087993,0.054519943876528365,0.050041017227235446,0.02466833990677662,0.03268559569851901,0.014465225014611338,0.008353763733769183,0.011371712864250177,0.013702915780252784,0.0303275374039628,0.0433765017943517,0.019871155067598224,0.02687140115163148,0.010350828982321151,0.05589238347859037,0.011664326601144833,0.0112987012987013,0.013699734063985817,0.02048827190043083,0.019606323620582764,0.021692669373797817,0.05293285310007718,0.046065259117082535,0.05569419237749547,0.021875147010396577,0.03687844564577423,0.07135992311388756,0.012271475081392437,0.026524822695035463,0.02609949531362653,0.05844449468686413,0.009512842337155158,0.020582749083424456,0.008779229424981277,0.02951617144359716,0.03461217681401168,0.026201538578718864,0.014948859166011018,0.029525862068965517,0.061255924170616115,0.009363377816670312,0.016325494840128574,0.0529688972667295,0.017159843264423727,0.019863791146424517,0.050384116531976456,0.08716299019607843,0.0,0.016992790937178166,0.029419097481924707,0.010964222012380651,0.026578073089700997,0.06927668040358106,0.10313531353135312,0.022436278590399174,0.011115328308843465,0.010370211165439795,0.059051408229504776,0.016544616219148357,0.021544250562585316,0.015148392415498764,0.021211433756805807,0.08057045343734764,0.015660554142685048,0.015998814902599807,0.012073649260488983,0.01599234554401312,0.04658460053101617,0.01639344262295082,0.010766561373848823,0.028104347826086964,0.043835616438356165,0.03664921465968586,0.03901933701657458,0.04152182309772113,0.03099960593721266,0.01822956897883516,0.03840407768696722,0.012329763321433294,0.022434994837135083,0.022369953416149068,0.08085928071445814,0.015644142870605976,0.009815683280619478
27,0.016414294367050275,0.025599713569638385,0.04056492254090711,0.0,0.062166866093767,0.05987443213720586,0.05427790286265681,0.03543499511241447,0.07361366338774185,0.051965484180249266,0.03272958373053703,0.04904241990334706,0.06793977230995225,0.060743427017225744,0.08469294225481208,0.014832631789937864,0.027399507793273173,0.04804589458587308,0.057636072068672765,0.058445353594389245,0.03849995459911014,0.031982942430703626,0.027906394694030785,0.05952284674484433,0.038071462006553286,0.04010525360675075,0.09149072296865003,0.014930841806357058,0.051061007957559676,0.06766389458904846,0.03675324675324676,0.0653557901523088,0.062134992819530874,0.0365778053316801,0.059841846548407775,0.04527913558013892,0.018953934740882916,0.0485480943738657,0.0588512019570024,0.0560937750896537,0.03051417587698222,0.05534685699974956,0.02666666666666667,0.032011535688536416,0.03278317883789283,0.06078205577529664,0.02846208271692288,0.042398269118748444,0.07691296344990796,0.05296080066722269,0.045091019879655726,0.09255418067377155,0.059913793103448285,0.02085308056872038,0.08011376066506234,0.05988834376586026,0.015645617342130064,0.11471422780705309,0.08491770715096475,0.017958695001496557,0.05070465686274509,0.060619469026548675,0.05162203913491247,0.03656610986453919,0.06415905990976811,0.029725476481902432,0.06558192411539009,0.10375412541254125,0.05672493756689262,0.032749552675811956,0.08371393262049326,0.028164590095277983,0.014429075128831029,0.03714907588445789,0.03225474031327288,0.03981397459165154,0.05095075572891272,0.03961986347209209,0.02673876009184505,0.06469463728745346,0.06907235283397119,0.01749939657253198,0.030463405189105463,0.035058059349557316,0.04062608695652173,0.06240487062404871,0.07030665669409125,0.0381560773480663,0.041618385477018155,0.027321686588729806,0.06797466398887687,0.05097108709025398,0.02737009123363744,0.027316248943959454,0.0674980590062112,0.06806661839246922,0.06719442088398832,0.026393281710110156
28,0.0032101756511205334,0.006229860365198711,0.003950724818017794,0.012468827930174564,0.027194604590449253,0.014853759379306823,0.012383403023480219,0.07795698924731181,0.014917306237163551,0.02109300095877277,0.0044775688245659645,0.0,0.015607785530664709,0.008159564823209429,0.015398716773602201,0.1274804570054119,0.006726825266611977,0.006167084976694156,0.048768984058107714,0.026592635885447108,0.02642331789703078,0.0,0.004192216243273683,0.015527699150828952,0.008113590263691683,0.009890209599854823,0.0,0.004763213336997344,0.020935960591133007,0.028944810454692733,0.022207792207792204,0.03690869530179708,0.007084729535662996,0.059206447613143205,0.01015174182517632,0.01665809107280679,0.12404030710172746,0.013611615245009074,0.031095639083595996,0.008563935128191404,0.011532916866890917,0.013899323816679186,0.07333333333333333,0.03460706560922855,0.10954103549626949,0.0052070294898112456,0.008972792178555348,0.005658650245485562,0.03924533263213253,0.0,0.03366593038312134,0.025749231099349117,0.007920258620689655,0.0062796208530805685,0.044410413476263386,0.002537641684994079,0.0,0.014592622618565058,0.062961123723042,0.04479696697595531,0.004901960784313725,0.0,0.005149330587023687,0.05642815590459569,0.041391249606547054,0.019933554817275746,0.02117379565155606,0.0,0.004320767431719982,0.006587865314753564,0.016119499220890874,0.025651764213171398,0.001573094656902631,0.0013280702401593685,0.0767724649629019,0.011002722323049002,0.010117016089712334,0.002810868692276804,0.029183023479742245,0.017607405171546436,0.04159832330964097,0.02172338884866039,0.009552084677939847,0.0068959380700271385,0.03960579710144927,0.0428006088280061,0.0035901271503365746,0.022962707182320442,0.008111239860950173,0.00472875344804939,0.016221226633709254,0.010282098602689164,0.004826127198201772,0.054632497887918886,0.013198757763975156,0.007723871590634806,0.004712091226086137,0.01537790380630385
29,0.05178679588128407,0.04271392767633368,0.05929198033970015,0.011637572734829594,0.0022843467855977375,0.05987443213720586,0.046719202315857175,0.008308895405669599,0.0665873959571938,0.057430488974113146,0.02195453101077505,0.04295686414891713,0.0,0.012692656391659111,0.009715857011915675,0.019643215073160955,0.05873666940114848,0.05256364288275367,0.06829544382605414,0.12624196376388075,0.06419685825842188,0.08647239990523573,0.029345513702915778,0.024019409623938535,0.038851614916523634,0.05534887941203157,0.036468330134357005,0.026838875148850416,0.019704433497536943,0.07619613349173776,0.045909090909090906,0.05753888306874042,0.029487793202489225,0.03138561686298822,0.07800812139346015,0.0038590172369436584,0.009117082533589251,0.0754310344827586,0.08067930564049493,0.03029492051597709,0.0,0.033683946907087405,0.002127659574468085,0.05349675558759913,0.049174768256839245,0.054573674460521714,0.030745481443365277,0.11246567362902546,0.028727320536418615,0.004170141784820684,0.05758245106253332,0.055289321221657965,0.06724137931034482,0.03637440758293839,0.08943338437978561,0.042716968364067,0.07860508953817152,0.03486015403323875,0.06565692395005673,0.014865808640127707,0.05392156862745098,0.2163716814159292,0.12615859938208035,0.0,0.11205539817437829,0.11995104039167685,0.04398181043058121,0.00721947194719472,0.0025369643635787054,0.03998807135498563,0.17532641985922315,0.07276724950266987,0.10002712232167073,0.08200833732984103,0.08099752679307501,0.06318058076225044,0.02779132130667967,0.02221924775799759,0.02784978890452559,0.09960760639903413,0.02405686167304538,0.012792662321988897,0.1489608880857106,0.0323441740445789,0.00528695652173913,0.004383561643835616,0.024233358264771875,0.03332182320441989,0.008497489378138278,0.04229607250755287,0.1790514444616098,0.08594779857632481,0.022444797038212352,0.12306392565474508,0.04682647515527951,0.06601496500120686,0.04269154650834041,0.11233504198931182
30,0.0,0.0035087719298245615,0.003452995707086418,0.0,0.0,0.002501148486549946,0.0,0.0,0.0,0.0,0.002859866539561487,0.004295686414891713,0.0,0.0,0.0,0.0,0.0,0.0,0.0,0.0,0.0,0.0,0.0021899637091728195,0.0,0.0,0.005171944469648852,0.0,0.0,0.0017051913603637742,0.0021600604816934873,0.0,0.0,0.003733843944471039,0.0,0.0035263945287454584,0.0,0.0,0.0,0.0,0.004014344591339721,0.0,0.0,0.0,0.0,0.0,0.004756421168577579,0.002862288544413713,0.005117749854372971,0.0,0.0,0.0,0.0,0.0,0.0,0.00603806606869394,0.0024530536288276095,0.0,0.0,0.0,0.0,0.0,0.0,0.003604531410916581,0.0,0.0,0.0,0.0,0.0,0.003964006818091727,0.005693216938675921,0.0,0.0,0.0,0.0,0.0,0.0,0.04534373476352998,0.0077633516262883145,0.0,0.003622094778146695,0.0016402405686167304,0.0,0.0,0.0,0.0,0.0,0.0,0.0,0.0,0.0,0.0,0.005536514632217242,0.0060161311648816605,0.0,0.0,0.010137581462708182,0.005277542173216474,0.0
31,0.000726832222895215,0.003007518796992482,0.003950724818017794,0.011637572734829594,0.004568693571195475,0.004185595426471339,0.0032968800257317465,0.004154447702834799,0.0023781212841854932,0.005417066155321189,0.0025132160499176707,0.004295686414891713,0.0,0.0015110305228165609,0.0,0.0,0.01214109926168991,0.0065256364288275364,0.0008961418734081691,0.01315020455873758,0.009352583310632889,0.0,0.0011888374421223876,0.006712494945410433,0.008269620845685754,0.0039016423192087834,0.0,0.008610424109187506,0.001042061386888973,0.0042121179393023005,0.0043506493506493505,0.0034652268514787656,0.0015318334131163235,0.0062771233725976445,0.002885231887155375,0.0004502186776434268,0.009596928982725527,0.0,0.0020699063837794607,0.006208852967938768,0.0,0.0023791635361883295,0.0045390070921985815,0.0,0.00813927198733891,0.0018024332849346618,0.0012864218177140285,0.003661479570608305,0.0013804890875624507,0.015012510425354461,0.00510320664178536,0.0030040769615907303,0.0043642241379310345,0.0021327014218009478,0.00371909866549989,0.0027068177973270176,0.0032045240339302543,0.0035130387785434402,0.004895005675368899,0.009178888556320462,0.004595588235294118,0.0,0.000772399588053553,0.0018283054932269592,0.005718182772007135,0.0,0.001136848088674151,0.012169966996699672,0.0021405636817695326,0.0014639700699452367,0.0033313631723174467,0.002512825882106586,0.001573094656902631,0.002693031320323164,0.004740313272877164,0.01928312159709619,0.00938566552901024,0.0,0.0016295089252647951,0.0043263909850085516,0.004328412611627483,0.0,0.0021943978314186135,0.00338123415046492,0.0007884057971014492,0.0,0.00912490650710546,0.011049723756906077,0.0029934337582078023,0.008406672796532247,0.005561563417271744,0.001318217769575534,0.003867512891709639,0.0,0.0010675465838509317,0.003861935795317403,0.0030157383846951278,0.008179736067182898
32,0.0,0.0,0.0,0.0,0.0,0.0,0.0,0.0,0.0,0.0,0.0,0.0,0.0,0.0,0.0,0.0,0.0,0.0,0.0,0.0,0.0,0.0,0.0,0.0,0.0,0.0,0.0,0.0,0.0,0.0,0.0,0.0,0.0,0.0,0.0,0.0,0.0,0.0,0.0,0.0,0.0,0.0,0.0,0.0,0.0,0.0,0.0,0.0,0.0,0.0,0.0,0.0,0.0,0.0,0.0,0.0,0.0,0.0,0.0,0.0,0.0,0.0,0.0,0.0,0.0,0.0,0.0,0.0,0.0,0.0,0.0,0.0,0.0,0.0,0.0,0.0,0.0,0.0,0.0,0.0,0.0,0.0,0.0,0.0,0.0,0.0,0.0,0.0,0.0,0.0,0.0,0.0,0.0,0.0,0.0,0.0026550808592807145,0.0,0.0
33,0.006541490006056935,0.013498030791263873,0.009985690288060721,0.0,0.0009246165560752747,0.0014292277065999694,0.015921518173045997,0.0,0.041941411739271434,0.014621284755512944,0.011786116647889764,0.049758367639162346,0.0,0.004079782411604714,0.0,0.0,0.0,0.024955181068483327,0.006225827752098859,0.0,0.06846454190502134,0.007581141909500119,0.03985733950694531,0.004205418520016175,0.005773131533780621,0.006623718355866074,0.0,0.0,0.01449412656309208,0.006588184469165137,0.0,0.0,0.011393011010052656,0.006044637321760695,0.008976276982261167,0.005338307177772061,0.0,0.0,0.0,0.006476475940694749,0.0,0.01076884547958928,0.0,0.008795962509012257,0.0,0.007610273869724127,0.007300443815527112,0.015186818673545812,0.0007888509071785432,0.0,0.007921395384263844,0.002431871826049639,0.03529094827586208,0.11481042654028437,0.004769197112229272,0.004060226695990527,0.005466540999057493,0.011620051344412918,0.004575766174801362,0.004888755861518507,0.0055147058823529415,0.0,0.005020597322348095,0.0,0.001154128632882174,0.008043364224514776,0.002131590166264033,0.030940594059405944,0.008086573908907123,0.008241609282654667,0.004459728117779808,0.005444456077897603,0.001898562516951451,0.0077101855609252225,0.0,0.016674228675136116,0.0,0.01753446660420292,0.01133249388934153,0.005634369654894859,0.009978130125751777,0.0,0.0045178778882147925,0.026293544512167994,0.049182608695652164,0.0015829528158295282,0.0,0.007596685082872928,0.0,0.008406672796532247,0.0,0.0,0.012098373661245538,0.0,0.002862965838509317,0.0,0.07482800867024787,0.02355763987348675
